Airline,Aircraft,FlightDuration,TravelMonth,IsInternational,SeatsEconomy,SeatsPremium,PitchEconomy,PitchPremium,WidthEconomy,WidthPremium,PriceEconomy,PricePremium,PriceRelative,SeatsTotal,FractionPremiumSeats,PitchDifference,WidthDifference
AirFrance,Boeing,6.91,Sep,International,216,24,32,38,17,19,648,1710,1.64,240,0.1,6,2
AirFrance,Boeing,6.91,Oct,International,216,24,32,38,17,19,648,1710,1.64,240,0.1,6,2
AirFrance,AirBus,9.5,Oct,International,147,21,32,38,18,19,630,1611,1.56,168,0.13,6,1
AirFrance,Boeing,6.91,Aug,International,216,24,32,38,17,19,700,1710,1.44,240,0.1,6,2
AirFrance,AirBus,9.5,Sep,International,147,21,32,38,18,19,743,1611,1.17,168,0.13,6,1
AirFrance,AirBus,13,Sep,International,389,38,32,38,18,19,1522,3289,1.16,427,0.09,6,1
AirFrance,AirBus,13,Oct,International,389,38,32,38,18,19,1522,3289,1.16,427,0.09,6,1
AirFrance,AirBus,9.5,Aug,International,147,21,32,38,18,19,990,1611,0.63,168,0.13,6,1
AirFrance,Boeing,6.91,Jul,International,216,24,32,38,17,19,1094,1710,0.56,240,0.1,6,2
AirFrance,Boeing,8.33,Aug,International,200,28,32,38,17,19,2918,3972,0.36,228,0.12,6,2
AirFrance,Boeing,8.33,Sep,International,200,28,32,38,17,19,2918,3972,0.36,228,0.12,6,2
AirFrance,Boeing,8.33,Oct,International,200,28,32,38,17,19,2918,3972,0.36,228,0.12,6,2
AirFrance,AirBus,8.33,Jul,International,147,21,32,38,18,19,2659,2859,0.08,168,0.13,6,1
AirFrance,AirBus,8.33,Aug,International,147,21,32,38,18,19,2659,2859,0.08,168,0.13,6,1
AirFrance,AirBus,8.33,Sep,International,147,21,32,38,18,19,2659,2859,0.08,168,0.13,6,1
AirFrance,AirBus,8.33,Oct,International,147,21,32,38,18,19,2659,2859,0.08,168,0.13,6,1
AirFrance,AirBus,8.33,Jul,International,147,21,32,38,18,19,2659,2859,0.08,168,0.13,6,1
AirFrance,AirBus,8.33,Aug,International,147,21,32,38,18,19,2659,2859,0.08,168,0.13,6,1
AirFrance,AirBus,8.33,Sep,International,147,21,32,38,18,19,2659,2859,0.08,168,0.13,6,1
AirFrance,AirBus,8.33,Oct,International,147,21,32,38,18,19,2659,2859,0.08,168,0.13,6,1
AirFrance,AirBus,7.33,Aug,International,147,21,32,38,18,19,2607,2807,0.08,168,0.13,6,1
AirFrance,AirBus,7.33,Sep,International,147,21,32,38,18,19,2607,2807,0.08,168,0.13,6,1
AirFrance,AirBus,7.33,Oct,International,147,21,32,38,18,19,2607,2807,0.08,168,0.13,6,1
AirFrance,AirBus,7.5,Aug,International,389,38,32,38,18,19,2581,2781,0.08,427,0.09,6,1
AirFrance,AirBus,7.5,Sep,International,389,38,32,38,18,19,2581,2781,0.08,427,0.09,6,1
AirFrance,Boeing,7.5,Oct,International,200,28,32,38,17,19,2581,2781,0.08,228,0.12,6,2
AirFrance,AirBus,6.83,Sep,International,147,21,32,38,18,19,2860,3063,0.07,168,0.13,6,1
AirFrance,AirBus,6.83,Oct,International,147,21,32,38,18,19,2860,3063,0.07,168,0.13,6,1
AirFrance,Boeing,6.83,Aug,International,200,28,32,38,17,19,2860,3063,0.07,228,0.12,6,2
AirFrance,Boeing,8.75,Jul,International,200,28,32,38,17,19,3026,3226,0.07,228,0.12,6,2
AirFrance,Boeing,8.75,Aug,International,200,28,32,38,17,19,3026,3226,0.07,228,0.12,6,2
AirFrance,Boeing,8.75,Sep,International,200,28,32,38,17,19,3026,3226,0.07,228,0.12,6,2
AirFrance,Boeing,10.66,Aug,International,389,38,32,38,18,19,2996,3196,0.07,427,0.09,6,1
AirFrance,Boeing,10.66,Sep,International,389,38,32,38,18,19,2996,3196,0.07,427,0.09,6,1
AirFrance,Boeing,10.66,Oct,International,389,38,32,38,18,19,2996,3196,0.07,427,0.09,6,1
AirFrance,AirBus,8.91,Aug,International,147,21,32,38,18,19,2609,2787,0.07,168,0.13,6,1
AirFrance,AirBus,8.91,Sep,International,147,21,32,38,18,19,2609,2787,0.07,168,0.13,6,1
AirFrance,AirBus,8.91,Oct,International,147,21,32,38,18,19,2609,2787,0.07,168,0.13,6,1
AirFrance,Boeing,7.66,Aug,International,200,28,32,38,17,19,3057,3167,0.04,228,0.12,6,2
AirFrance,Boeing,6.83,Sep,International,200,28,32,38,17,19,3057,3167,0.04,228,0.12,6,2
AirFrance,Boeing,6.83,Oct,International,200,28,32,38,17,19,3057,3167,0.04,228,0.12,6,2
AirFrance,AirBus,8.41,Jul,International,389,38,32,38,18,19,2979,3088,0.04,427,0.09,6,1
AirFrance,AirBus,8.5,Aug,International,389,38,32,38,18,19,2979,3088,0.04,427,0.09,6,1
AirFrance,AirBus,8.5,Sep,International,389,38,32,38,18,19,2979,3088,0.04,427,0.09,6,1
AirFrance,Boeing,8.5,Oct,International,389,38,32,38,18,19,2979,3088,0.04,427,0.09,6,1
AirFrance,AirBus,8.08,Sep,International,147,21,32,38,18,19,2813,2922,0.04,168,0.13,6,1
AirFrance,Boeing,9.5,Jul,International,200,28,32,38,17,19,3414,3524,0.03,228,0.12,6,2
AirFrance,Boeing,9.5,Aug,International,200,28,32,38,17,19,3414,3524,0.03,228,0.12,6,2
AirFrance,Boeing,9.5,Sep,International,200,28,32,38,17,19,3414,3524,0.03,228,0.12,6,2
AirFrance,Boeing,9.5,Oct,International,200,28,32,38,17,19,3414,3524,0.03,228,0.12,6,2
AirFrance,Boeing,7.75,Jul,International,174,24,32,38,17,19,3215,3325,0.03,198,0.12,6,2
AirFrance,Boeing,7.75,Aug,International,174,24,32,38,17,19,3215,3325,0.03,198,0.12,6,2
AirFrance,Boeing,7.75,Sep,International,174,24,32,38,17,19,3215,3325,0.03,198,0.12,6,2
AirFrance,Boeing,7.83,Oct,International,174,24,32,38,17,19,3215,3325,0.03,198,0.12,6,2
AirFrance,AirBus,9.18,Jul,International,147,21,32,38,18,19,3165,3275,0.03,168,0.13,6,1
AirFrance,AirBus,9.18,Aug,International,147,21,32,38,18,19,3165,3275,0.03,168,0.13,6,1
AirFrance,AirBus,9.25,Sep,International,147,21,32,38,18,19,3165,3275,0.03,168,0.13,6,1
AirFrance,AirBus,9.25,Oct,International,147,21,32,38,18,19,3165,3275,0.03,168,0.13,6,1
AirFrance,AirBus,9.16,Jul,International,147,21,32,38,18,19,3165,3275,0.03,168,0.13,6,1
AirFrance,AirBus,9.16,Aug,International,147,21,32,38,18,19,3165,3275,0.03,168,0.13,6,1
AirFrance,AirBus,9.25,Sep,International,147,21,32,38,18,19,3165,3275,0.03,168,0.13,6,1
AirFrance,AirBus,9.25,Oct,International,147,21,32,38,18,19,3165,3275,0.03,168,0.13,6,1
AirFrance,Boeing,9.41,Aug,International,200,28,32,38,17,19,3480,3589,0.03,228,0.12,6,2
AirFrance,Boeing,9.41,Sep,International,200,28,32,38,17,19,3480,3589,0.03,228,0.12,6,2
AirFrance,Boeing,9.41,Oct,International,200,28,32,38,17,19,3480,3589,0.03,228,0.12,6,2
AirFrance,Boeing,11.75,Jul,International,174,24,32,38,17,19,3593,3702,0.03,198,0.12,6,2
AirFrance,Boeing,11.75,Aug,International,174,24,32,38,17,19,3593,3702,0.03,198,0.12,6,2
AirFrance,Boeing,11.5,Sep,International,389,38,32,38,18,19,3593,3702,0.03,427,0.09,6,1
AirFrance,Boeing,11.5,Oct,International,389,38,32,38,18,19,3593,3702,0.03,427,0.09,6,1
AirFrance,Boeing,11.91,Jul,International,200,28,32,38,17,19,3159,3243,0.03,228,0.12,6,2
AirFrance,Boeing,11.91,Aug,International,200,28,32,38,17,19,3159,3243,0.03,228,0.12,6,2
AirFrance,Boeing,11.91,Sep,International,200,28,32,38,17,19,3159,3243,0.03,228,0.12,6,2
AirFrance,Boeing,11.91,Oct,International,200,28,32,38,17,19,3159,3243,0.03,228,0.12,6,2
AirFrance,AirBus,13,Jul,International,389,38,32,38,18,19,3220,3289,0.02,427,0.09,6,1
British,Boeing,13.83,Aug,International,203,24,31,38,18,19,3102,7414,1.39,227,0.11,7,1
British,Boeing,13.83,Sep,International,203,24,31,38,18,19,3102,7414,1.39,227,0.11,7,1
British,Boeing,13.83,Oct,International,203,24,31,38,18,19,3102,7414,1.39,227,0.11,7,1
British,Boeing,12.25,Jul,International,122,40,31,38,18,19,2707,3725,0.38,162,0.25,7,1
British,Boeing,12.25,Aug,International,122,40,31,38,18,19,2707,3725,0.38,162,0.25,7,1
British,Boeing,12.25,Sep,International,122,40,31,38,18,19,2707,3725,0.38,162,0.25,7,1
British,Boeing,12.25,Oct,International,122,40,31,38,18,19,2707,3725,0.38,162,0.25,7,1
British,AirBus,11.16,Jul,International,303,55,31,38,18,19,2384,3563,0.49,358,0.15,7,1
British,AirBus,11.16,Aug,International,303,55,31,38,18,19,2384,3563,0.49,358,0.15,7,1
British,AirBus,11.16,Sep,International,303,55,31,38,18,19,2384,3563,0.49,358,0.15,7,1
British,AirBus,11.16,Oct,International,303,55,31,38,18,19,2384,3563,0.49,358,0.15,7,1
British,AirBus,10.5,Jul,International,303,55,31,38,18,19,1848,3536,0.91,358,0.15,7,1
British,AirBus,10.5,Aug,International,303,55,31,38,18,19,1848,3536,0.91,358,0.15,7,1
British,AirBus,10.5,Sep,International,303,55,31,38,18,19,1848,3536,0.91,358,0.15,7,1
British,AirBus,10.5,Oct,International,303,55,31,38,18,19,1848,3536,0.91,358,0.15,7,1
British,Boeing,10.41,Aug,International,243,36,31,38,18,19,1651,3509,1.13,279,0.13,7,1
British,Boeing,10.41,Oct,International,243,36,31,38,18,19,1651,3509,1.13,279,0.13,7,1
British,Boeing,10.41,Sep,International,243,36,31,38,18,19,2775,3509,0.26,279,0.13,7,1
British,Boeing,11,Aug,International,243,36,31,38,18,19,2230,3227,0.45,279,0.13,7,1
British,Boeing,11,Sep,International,243,36,31,38,18,19,2230,3227,0.45,279,0.13,7,1
British,Boeing,11,Oct,International,243,36,31,38,18,19,2230,3227,0.45,279,0.13,7,1
British,Boeing,9.91,Jul,International,243,36,31,38,18,19,2356,3200,0.36,279,0.13,7,1
British,Boeing,9.91,Aug,International,243,36,31,38,18,19,2356,3200,0.36,279,0.13,7,1
British,Boeing,9.91,Sep,International,243,36,31,38,18,19,2356,3200,0.36,279,0.13,7,1
British,Boeing,9.91,Oct,International,243,36,31,38,18,19,2356,3200,0.36,279,0.13,7,1
British,Boeing,8.58,Aug,International,243,36,31,38,18,19,1562,3099,0.98,279,0.13,7,1
British,Boeing,8.58,Sep,International,243,36,31,38,18,19,1562,3099,0.98,279,0.13,7,1
British,Boeing,8.58,Oct,International,243,36,31,38,18,19,1562,3099,0.98,279,0.13,7,1
British,Boeing,11.41,Jul,International,243,36,31,38,18,19,2281,3025,0.33,279,0.13,7,1
British,Boeing,11.41,Aug,International,243,36,31,38,18,19,2281,3025,0.33,279,0.13,7,1
British,Boeing,11.41,Sep,International,243,36,31,38,18,19,2281,3025,0.33,279,0.13,7,1
British,Boeing,11.41,Oct,International,243,36,31,38,18,19,2281,3025,0.33,279,0.13,7,1
British,Boeing,8.16,Aug,International,122,40,31,38,18,19,1793,2999,0.67,162,0.25,7,1
British,Boeing,8.16,Sep,International,122,40,31,38,18,19,1793,2999,0.67,162,0.25,7,1
British,Boeing,8.16,Oct,International,122,40,31,38,18,19,1793,2999,0.67,162,0.25,7,1
British,Boeing,6.5,Aug,International,122,40,31,38,18,19,1476,2997,1.03,162,0.25,7,1
British,Boeing,6.5,Sep,International,122,40,31,38,18,19,1476,2997,1.03,162,0.25,7,1
British,Boeing,6.5,Oct,International,127,39,31,38,18,19,1476,2997,1.03,166,0.23,7,1
British,Boeing,11.5,Sep,International,122,40,31,38,18,19,1705,2989,0.75,162,0.25,7,1
British,Boeing,11.5,Oct,International,122,40,31,38,18,19,1705,2989,0.75,162,0.25,7,1
British,Boeing,11.5,Aug,International,122,40,31,38,18,19,1911,2989,0.56,162,0.25,7,1
British,Boeing,11.5,Jul,International,122,40,31,38,18,19,2378,2989,0.26,162,0.25,7,1
British,Boeing,6.83,Jul,International,243,56,31,38,18,19,1444,2982,1.07,299,0.19,7,1
British,Boeing,6.83,Aug,International,243,56,31,38,18,19,1444,2982,1.07,299,0.19,7,1
British,Boeing,6.83,Sep,International,243,56,31,38,18,19,1444,2982,1.07,299,0.19,7,1
British,Boeing,6.83,Oct,International,243,56,31,38,18,19,1444,2982,1.07,299,0.19,7,1
British,Boeing,11.08,Aug,International,127,39,31,38,18,19,2156,2933,0.36,166,0.23,7,1
British,Boeing,11.08,Sep,International,127,39,31,38,18,19,2156,2933,0.36,166,0.23,7,1
British,Boeing,11.08,Oct,International,127,39,31,38,18,19,2156,2933,0.36,166,0.23,7,1
British,Boeing,11.58,Aug,International,122,40,31,38,18,19,1750,2656,0.52,162,0.25,7,1
British,Boeing,11.58,Sep,International,122,40,31,38,18,19,1750,2656,0.52,162,0.25,7,1
British,Boeing,11.58,Oct,International,122,40,31,38,18,19,1750,2656,0.52,162,0.25,7,1
British,AirBus,13.08,Aug,International,303,55,31,38,18,19,1758,2592,0.47,358,0.15,7,1
British,AirBus,13.08,Sep,International,303,55,31,38,18,19,1758,2592,0.47,358,0.15,7,1
British,AirBus,13.08,Oct,International,303,55,31,38,18,19,1758,2592,0.47,358,0.15,7,1
British,Boeing,7.58,Aug,International,243,56,31,38,18,19,1824,2549,0.4,299,0.19,7,1
British,Boeing,7.58,Sep,International,243,56,31,38,18,19,1824,2549,0.4,299,0.19,7,1
British,Boeing,7.58,Oct,International,243,56,31,38,18,19,1824,2549,0.4,299,0.19,7,1
British,Boeing,7.58,Jul,International,243,56,31,38,18,19,1823,2548,0.4,299,0.19,7,1
British,Boeing,9.16,Aug,International,122,40,31,38,18,19,1813,2504,0.38,162,0.25,7,1
British,Boeing,9.16,Sep,International,122,40,31,38,18,19,1813,2504,0.38,162,0.25,7,1
British,Boeing,9.16,Oct,International,122,40,31,38,18,19,1813,2504,0.38,162,0.25,7,1
British,Boeing,9.33,Aug,International,243,36,31,38,18,19,1813,2472,0.36,279,0.13,7,1
British,Boeing,9.33,Sep,International,243,36,31,38,18,19,1813,2472,0.36,279,0.13,7,1
British,Boeing,9.33,Oct,International,243,36,31,38,18,19,1813,2472,0.36,279,0.13,7,1
British,Boeing,13.33,Aug,International,203,24,31,38,18,19,2166,2470,0.14,227,0.11,7,1
British,Boeing,13.33,Sep,International,203,24,31,38,18,19,2166,2470,0.14,227,0.11,7,1
British,Boeing,13.33,Oct,International,203,24,31,38,18,19,2166,2470,0.14,227,0.11,7,1
British,Boeing,8.91,Sep,International,243,36,31,38,18,19,1140,2423,1.13,279,0.13,7,1
British,Boeing,8.66,Aug,International,243,36,31,38,18,19,1609,2292,0.42,279,0.13,7,1
British,Boeing,8.66,Sep,International,243,36,31,38,18,19,1609,2292,0.42,279,0.13,7,1
British,Boeing,8.66,Oct,International,243,36,31,38,18,19,1609,2292,0.42,279,0.13,7,1
British,Boeing,7.25,Aug,International,243,36,31,38,18,19,1632,2278,0.4,279,0.13,7,1
British,Boeing,7.25,Sep,International,243,36,31,38,18,19,1632,2278,0.4,279,0.13,7,1
British,Boeing,7.25,Oct,International,243,36,31,38,18,19,1632,2278,0.4,279,0.13,7,1
British,Boeing,6.08,Aug,International,127,39,31,38,18,19,1634,2195,0.34,166,0.23,7,1
British,Boeing,6.08,Sep,International,127,39,31,38,18,19,1634,2195,0.34,166,0.23,7,1
British,Boeing,6.08,Oct,International,127,39,31,38,18,19,1634,2195,0.34,166,0.23,7,1
British,Boeing,6.75,Aug,International,122,40,31,38,18,19,1634,2195,0.34,162,0.25,7,1
British,Boeing,6.75,Sep,International,122,40,31,38,18,19,1634,2195,0.34,162,0.25,7,1
British,Boeing,6.75,Oct,International,122,40,31,38,18,19,1634,2195,0.34,162,0.25,7,1
British,Boeing,6.66,Aug,International,122,40,31,38,18,19,1651,2191,0.33,162,0.25,7,1
British,Boeing,6.66,Sep,International,122,40,31,38,18,19,1651,2191,0.33,162,0.25,7,1
British,Boeing,6.66,Oct,International,122,40,31,38,18,19,1651,2191,0.33,162,0.25,7,1
British,Boeing,8.75,Aug,International,122,40,31,38,18,19,1542,2084,0.35,162,0.25,7,1
British,Boeing,8.75,Sep,International,122,40,31,38,18,19,1566,2084,0.33,162,0.25,7,1
British,Boeing,8.75,Oct,International,122,40,31,38,18,19,1566,2084,0.33,162,0.25,7,1
British,Boeing,8.91,Aug,International,243,36,31,38,18,19,1140,2049,0.8,279,0.13,7,1
British,Boeing,7.08,Aug,International,243,36,31,38,18,19,1736,1866,0.07,279,0.13,7,1
British,Boeing,7.08,Sep,International,243,36,31,38,18,19,1736,1866,0.07,279,0.13,7,1
British,Boeing,7.08,Oct,International,243,36,31,38,18,19,1736,1866,0.07,279,0.13,7,1
British,Boeing,4.91,Aug,International,122,40,31,38,18,19,1356,1820,0.34,162,0.25,7,1
British,Boeing,4.91,Sep,International,122,40,31,38,18,19,1356,1820,0.34,162,0.25,7,1
British,Boeing,4.91,Oct,International,122,40,31,38,18,19,1356,1820,0.34,162,0.25,7,1
British,Boeing,11.41,Aug,International,243,36,31,38,18,19,846,1784,1.11,279,0.13,7,1
British,Boeing,11.41,Oct,International,243,36,31,38,18,19,846,1784,1.11,279,0.13,7,1
British,Boeing,11.41,Jul,International,243,36,31,38,18,19,937,1784,0.91,279,0.13,7,1
British,Boeing,11.41,Sep,International,243,36,31,38,18,19,1485,1784,0.2,279,0.13,7,1
British,Boeing,3.83,Jul,International,122,40,31,38,18,19,1242,1764,0.42,162,0.25,7,1
British,Boeing,3.83,Aug,International,122,40,31,38,18,19,1242,1764,0.42,162,0.25,7,1
British,Boeing,3.83,Sep,International,122,40,31,38,18,19,1242,1764,0.42,162,0.25,7,1
British,Boeing,3.83,Oct,International,122,40,31,38,18,19,1242,1764,0.42,162,0.25,7,1
British,AirBus,11.16,Sep,International,303,55,31,38,18,19,719,1634,1.27,358,0.15,7,1
British,AirBus,11.16,Oct,International,303,55,31,38,18,19,719,1634,1.27,358,0.15,7,1
British,AirBus,11.16,Aug,International,303,55,31,38,18,19,1198,1634,0.36,358,0.15,7,1
British,Boeing,8.91,Oct,International,243,36,31,38,18,19,891,1603,0.8,279,0.13,7,1
British,Boeing,11.08,Jul,International,243,36,31,38,18,19,1323,1550,0.17,279,0.13,7,1
British,Boeing,13.5,Aug,International,122,40,31,38,18,19,940,1548,0.65,162,0.25,7,1
British,Boeing,13.5,Sep,International,122,40,31,38,18,19,940,1548,0.65,162,0.25,7,1
British,Boeing,13.5,Oct,International,122,40,31,38,18,19,940,1548,0.65,162,0.25,7,1
British,Boeing,3.83,Jul,International,122,40,31,38,18,19,1224,1512,0.24,162,0.25,7,1
British,Boeing,3.83,Aug,International,122,40,31,38,18,19,1224,1512,0.24,162,0.25,7,1
British,Boeing,3.83,Sep,International,122,40,31,38,18,19,1224,1512,0.24,162,0.25,7,1
British,Boeing,3.83,Oct,International,122,40,31,38,18,19,1224,1512,0.24,162,0.25,7,1
British,Boeing,5.41,Aug,International,122,40,31,38,18,19,1127,1317,0.17,162,0.25,7,1
British,Boeing,5.41,Sep,International,122,40,31,38,18,19,1127,1317,0.17,162,0.25,7,1
British,Boeing,5.41,Oct,International,122,40,31,38,18,19,1127,1317,0.17,162,0.25,7,1
British,Boeing,12.5,Aug,International,127,39,31,38,18,19,1038,1259,0.21,166,0.23,7,1
British,Boeing,12.05,Sep,International,127,39,31,38,18,19,1038,1259,0.21,166,0.23,7,1
British,Boeing,8.25,Aug,International,122,40,31,38,18,19,1123,1213,0.08,162,0.25,7,1
British,Boeing,8.25,Sep,International,122,40,31,38,18,19,1123,1213,0.08,162,0.25,7,1
British,Boeing,8.25,Oct,International,122,40,31,38,18,19,1123,1213,0.08,162,0.25,7,1
British,Boeing,11.08,Aug,International,243,36,31,38,18,19,1023,1199,0.17,279,0.13,7,1
British,Boeing,11.08,Sep,International,243,36,31,38,18,19,1023,1199,0.17,279,0.13,7,1
British,Boeing,8.91,Aug,International,203,24,31,38,18,19,649,1152,0.77,227,0.11,7,1
British,Boeing,7.08,Sep,International,243,36,31,38,18,19,757,912,0.21,279,0.13,7,1
British,Boeing,8.91,Sep,International,203,24,31,38,18,19,575,853,0.48,227,0.11,7,1
British,Boeing,8.91,Oct,International,203,24,31,38,18,19,575,853,0.48,227,0.11,7,1
British,Boeing,11.08,Oct,International,243,36,31,38,18,19,533,837,0.57,279,0.13,7,1
British,Boeing,9.58,Aug,International,203,24,31,38,18,19,797,826,0.04,227,0.11,7,1
British,Boeing,12.5,Oct,International,127,39,31,38,18,19,509,818,0.61,166,0.23,7,1
British,Boeing,9.58,Oct,International,203,24,31,38,18,19,524,797,0.52,227,0.11,7,1
British,Boeing,9.58,Sep,International,203,24,31,38,18,19,582,797,0.37,227,0.11,7,1
British,Boeing,12.75,Aug,International,122,40,31,38,18,19,509,773,0.52,162,0.25,7,1
British,Boeing,12.75,Sep,International,122,40,31,38,18,19,509,773,0.52,162,0.25,7,1
British,Boeing,12.75,Oct,International,122,40,31,38,18,19,509,773,0.52,162,0.25,7,1
British,AirBus,4.08,Sep,International,303,55,31,38,18,19,457,486,0.06,358,0.15,7,1
British,AirBus,3.58,Aug,International,303,55,31,38,18,19,402,442,0.1,358,0.15,7,1
British,AirBus,3.58,Sep,International,303,55,31,38,18,19,402,442,0.1,358,0.15,7,1
British,AirBus,2.41,Jul,International,303,55,31,38,18,19,392,407,0.04,358,0.15,7,1
British,AirBus,3.25,Aug,International,303,55,31,38,18,19,356,396,0.11,358,0.15,7,1
British,AirBus,3.25,Sep,International,303,55,31,38,18,19,356,396,0.11,358,0.15,7,1
British,AirBus,3.58,Aug,International,303,55,31,38,18,19,322,348,0.08,358,0.15,7,1
British,AirBus,2.66,Oct,International,303,55,31,38,18,19,297,323,0.09,358,0.15,7,1
British,AirBus,2.41,Aug,International,303,55,31,38,18,19,303,319,0.05,358,0.15,7,1
British,AirBus,2.41,Sep,International,303,55,31,38,18,19,303,319,0.05,358,0.15,7,1
British,AirBus,2.41,Aug,International,303,55,31,38,18,19,276,306,0.11,358,0.15,7,1
British,AirBus,3.25,Oct,International,303,55,31,38,18,19,249,285,0.14,358,0.15,7,1
British,AirBus,1.83,Jul,International,303,55,31,38,18,19,238,278,0.17,358,0.15,7,1
British,AirBus,3.58,Oct,International,303,55,31,38,18,19,238,276,0.16,358,0.15,7,1
British,AirBus,4.5,Aug,International,303,55,31,38,18,19,228,263,0.15,358,0.15,7,1
British,AirBus,2.41,Oct,International,303,55,31,38,18,19,231,247,0.07,358,0.15,7,1
British,AirBus,4.5,Oct,International,303,55,31,38,18,19,203,238,0.17,358,0.15,7,1
British,AirBus,1.83,Aug,International,303,55,31,38,18,19,201,237,0.18,358,0.15,7,1
British,AirBus,2.41,Jul,International,303,55,31,38,18,19,207,237,0.14,358,0.15,7,1
British,AirBus,3.58,Sep,International,303,55,31,38,18,19,207,234,0.13,358,0.15,7,1
British,AirBus,4.08,Aug,International,303,55,31,38,18,19,182,211,0.16,358,0.15,7,1
British,AirBus,2.83,Sep,International,303,55,31,38,18,19,171,201,0.18,358,0.15,7,1
British,AirBus,4.5,Sep,International,303,55,31,38,18,19,168,198,0.18,358,0.15,7,1
British,AirBus,1.25,Jul,International,303,55,31,38,18,19,140,175,0.25,358,0.15,7,1
British,AirBus,4.08,Oct,International,303,55,31,38,18,19,147,175,0.2,358,0.15,7,1
British,Boeing,1.25,Aug,International,303,55,31,38,18,19,137,172,0.26,358,0.15,7,1
British,AirBus,2.41,Sep,International,303,55,31,38,18,19,138,165,0.19,358,0.15,7,1
British,AirBus,1.83,Sep,International,303,55,31,38,18,19,126,156,0.23,358,0.15,7,1
British,AirBus,1.83,Oct,International,303,55,31,38,18,19,126,156,0.23,358,0.15,7,1
British,AirBus,1.25,Aug,International,303,55,31,38,18,19,109,141,0.3,358,0.15,7,1
British,AirBus,1.25,Sep,International,303,55,31,38,18,19,109,141,0.3,358,0.15,7,1
British,Boeing,1.25,Sep,International,303,55,31,38,18,19,109,141,0.3,358,0.15,7,1
British,AirBus,3.58,Oct,International,303,55,31,38,18,19,104,131,0.25,358,0.15,7,1
British,AirBus,2.83,Oct,International,303,55,31,38,18,19,97,125,0.29,358,0.15,7,1
British,Boeing,1.33,Aug,International,303,55,31,38,18,19,77,99,0.29,358,0.15,7,1
British,Boeing,1.33,Sep,International,303,55,31,38,18,19,77,99,0.29,358,0.15,7,1
British,Boeing,1.25,Oct,International,303,55,31,38,18,19,69,97,0.4,358,0.15,7,1
British,AirBus,2.41,Oct,International,312,55,31,38,18,19,74,97,0.31,367,0.15,7,1
British,Boeing,1.33,Oct,International,303,55,31,38,18,19,65,86,0.33,358,0.15,7,1
Delta,AirBus,8.33,Aug,International,233,38,31,38,18,21,1778,2588,0.46,271,0.14,7,3
Delta,AirBus,8.33,Oct,International,233,38,31,38,18,21,1778,2588,0.46,271,0.14,7,3
Delta,AirBus,9.5,Aug,International,233,38,31,38,18,21,1999,2765,0.38,271,0.14,7,3
Delta,AirBus,9.5,Sep,International,233,38,31,38,18,21,1999,2765,0.38,271,0.14,7,3
Delta,AirBus,9.5,Oct,International,233,38,31,38,18,21,1999,2765,0.38,271,0.14,7,3
Delta,AirBus,8.33,Sep,International,233,38,31,38,18,21,1985,2588,0.3,271,0.14,7,3
Delta,Boeing,4.28,Sep,Domestic,126,18,32,34,17,17,288,327,0.14,144,0.13,2,0
Delta,Boeing,4.25,Oct,Domestic,126,18,32,34,17,17,288,327,0.14,144,0.13,2,0
Delta,Boeing,4.33,Aug,Domestic,171,29,32,35,18,18,298,337,0.13,200,0.15,3,0
Delta,Boeing,4.63,Aug,Domestic,126,18,32,34,17,17,363,407,0.12,144,0.13,2,0
Delta,Boeing,4.65,Sep,Domestic,126,18,32,34,17,17,363,407,0.12,144,0.13,2,0
Delta,Boeing,4.66,Oct,Domestic,126,18,32,34,17,17,363,407,0.12,144,0.13,2,0
Delta,Boeing,4.7,Jul,Domestic,139,21,31,34,17,17,413,457,0.11,160,0.13,3,0
Delta,Boeing,4.7,Sep,Domestic,139,21,31,34,17,17,413,457,0.11,160,0.13,3,0
Delta,Boeing,4.7,Oct,Domestic,139,21,31,34,17,17,413,457,0.11,160,0.13,3,0
Delta,Boeing,4.36,Sep,Domestic,126,18,32,34,17,17,413,457,0.11,144,0.13,2,0
Delta,Boeing,4.25,Oct,Domestic,126,18,32,34,17,17,413,457,0.11,144,0.13,2,0
Delta,Boeing,4.43,Oct,Domestic,126,18,32,34,17,17,340,379,0.11,144,0.13,2,0
Delta,Boeing,4.7,Aug,Domestic,139,21,31,34,17,17,423,467,0.1,160,0.13,3,0
Delta,Boeing,4.51,Aug,Domestic,171,29,32,35,18,18,423,467,0.1,200,0.15,3,0
Delta,Boeing,4.26,Aug,Domestic,126,18,32,34,17,17,328,362,0.1,144,0.13,2,0
Delta,Boeing,4.4,Sep,Domestic,126,18,32,34,17,17,328,362,0.1,144,0.13,2,0
Delta,Boeing,4.33,Jul,Domestic,171,29,32,35,18,18,483,527,0.09,200,0.15,3,0
Delta,Boeing,4.26,Jul,Domestic,132,26,32,34,17,17,458,497,0.09,158,0.16,2,0
Delta,Boeing,1.91,Oct,Domestic,136,20,33,35,17,17,166,181,0.09,156,0.13,2,0
Delta,AirBus,1.95,Sep,Domestic,120,18,32,34,17,17,166,181,0.09,138,0.13,2,0
Delta,Boeing,2.06,Aug,Domestic,78,20,31,34,18,18,158,173,0.09,98,0.2,3,0
Delta,AirBus,2.26,Sep,Domestic,120,18,32,34,17,17,329,354,0.08,138,0.13,2,0
Delta,AirBus,2.55,Oct,Domestic,136,20,33,35,17,17,243,262,0.08,156,0.13,2,0
Delta,Boeing,2.55,Aug,Domestic,136,20,33,35,17,17,243,262,0.08,156,0.13,2,0
Delta,Boeing,2.33,Sep,Domestic,78,20,31,34,18,18,189,204,0.08,98,0.2,3,0
Delta,Boeing,4.63,Jul,Domestic,126,18,32,34,17,17,626,670,0.07,144,0.13,2,0
Delta,Boeing,2.86,Aug,Domestic,136,20,33,35,17,17,354,378,0.07,156,0.13,2,0
Delta,Boeing,2.06,Jul,Domestic,78,20,31,34,18,18,228,243,0.07,98,0.2,3,0
Delta,Boeing,2.01,Oct,Domestic,78,20,31,34,18,18,222,237,0.07,98,0.2,3,0
Delta,Boeing,2.33,Oct,Domestic,78,20,31,34,18,18,216,231,0.07,98,0.2,3,0
Delta,Boeing,4.51,Jul,Domestic,171,29,32,35,18,18,713,757,0.06,200,0.15,3,0
Delta,AirBus,1.81,Sep,Domestic,120,18,32,34,17,17,293,308,0.05,138,0.13,2,0
Delta,AirBus,1.83,Oct,Domestic,120,18,32,34,17,17,293,308,0.05,138,0.13,2,0
Delta,Boeing,1.57,Aug,Domestic,126,18,32,34,17,17,293,308,0.05,144,0.13,2,0
Delta,Boeing,2.5,Jul,Domestic,136,20,33,35,17,17,636,660,0.04,156,0.13,2,0
Delta,AirBus,1.8,Oct,Domestic,120,18,32,34,17,17,416,431,0.04,138,0.13,2,0
Delta,Boeing,1.75,Jul,Domestic,78,20,31,34,18,18,391,406,0.04,98,0.2,3,0
Delta,Boeing,1.57,Jul,Domestic,126,18,32,34,17,17,349,364,0.04,144,0.13,2,0
Delta,Boeing,2.3,Aug,Domestic,78,20,31,34,18,18,349,364,0.04,98,0.2,3,0
Delta,Boeing,2.3,Jul,Domestic,78,20,31,34,18,18,581,596,0.03,98,0.2,3,0
Jet,Boeing,3.25,Aug,International,124,16,30,40,17,21,167,483,1.89,140,0.11,10,4
Jet,Boeing,3.25,Sep,International,124,16,30,40,17,21,167,483,1.89,140,0.11,10,4
Jet,Boeing,3.25,Oct,International,124,16,30,40,17,21,167,483,1.89,140,0.11,10,4
Jet,Boeing,3.25,Jul,International,124,16,30,40,17,21,139,398,1.87,140,0.11,10,4
Jet,Boeing,5.66,Aug,International,162,8,30,40,17,21,201,545,1.71,170,0.05,10,4
Jet,Boeing,3.16,Jul,International,162,8,30,40,17,21,148,397,1.68,170,0.05,10,4
Jet,Boeing,3.16,Oct,International,162,8,30,40,17,21,148,397,1.68,170,0.05,10,4
Jet,Boeing,3.25,Oct,International,124,16,30,40,17,21,149,398,1.67,140,0.11,10,4
Jet,Boeing,4.16,Jul,International,124,16,30,40,17,21,197,520,1.64,140,0.11,10,4
Jet,Boeing,4.16,Oct,International,124,16,30,40,17,21,211,534,1.53,140,0.11,10,4
Jet,AirBus,9.5,Oct,International,147,21,32,38,18,19,336,841,1.5,168,0.13,6,1
Jet,Boeing,5.66,Jul,International,162,8,30,40,17,21,187,430,1.3,170,0.05,10,4
Jet,Boeing,5.66,Aug,International,162,8,30,40,17,21,187,430,1.3,170,0.05,10,4
Jet,Boeing,5.66,Sep,International,162,8,30,40,17,21,187,430,1.3,170,0.05,10,4
Jet,Boeing,5.66,Oct,International,162,8,30,40,17,21,187,430,1.3,170,0.05,10,4
Jet,Boeing,4.08,Aug,International,124,16,30,40,17,21,139,318,1.29,140,0.11,10,4
Jet,Boeing,4.25,Aug,International,17,21,30,40,17,21,156,354,1.27,38,0.55,10,4
Jet,Boeing,4.25,Sep,International,17,21,30,40,17,21,156,354,1.27,38,0.55,10,4
Jet,Boeing,4.25,Oct,International,17,21,30,40,17,21,156,354,1.27,38,0.55,10,4
Jet,Boeing,2.5,Jul,International,124,16,30,40,17,21,118,267,1.26,140,0.11,10,4
Jet,Boeing,2.5,Sep,International,124,16,30,40,17,21,118,267,1.26,140,0.11,10,4
Jet,Boeing,2.5,Oct,International,124,16,30,40,17,21,118,267,1.26,140,0.11,10,4
Jet,Boeing,5.66,Jul,International,162,8,30,40,17,21,245,545,1.22,170,0.05,10,4
Jet,Boeing,2.66,Jul,International,124,16,30,40,17,21,108,228,1.11,140,0.11,10,4
Jet,Boeing,2.66,Sep,International,124,16,30,40,17,21,108,228,1.11,140,0.11,10,4
Jet,Boeing,2.66,Oct,International,124,16,30,40,17,21,108,228,1.11,140,0.11,10,4
Jet,Boeing,4.16,Aug,International,124,16,30,40,17,21,297,620,1.09,140,0.11,10,4
Jet,Boeing,3.16,Aug,International,162,8,30,40,17,21,234,483,1.07,170,0.05,10,4
Jet,Boeing,3.25,Aug,International,124,16,30,40,17,21,234,483,1.06,140,0.11,10,4
Jet,Boeing,4.08,Sep,International,124,16,30,40,17,21,156,318,1.04,140,0.11,10,4
Jet,Boeing,4.16,Oct,International,124,16,30,40,17,21,156,318,1.04,140,0.11,10,4
Jet,AirBus,9.5,Aug,International,147,21,32,38,18,19,429,841,0.96,168,0.13,6,1
Jet,Boeing,4.16,Sep,International,124,16,30,40,17,21,324,620,0.91,140,0.11,10,4
Jet,AirBus,9.5,Jul,International,147,21,32,38,18,19,462,841,0.82,168,0.13,6,1
Jet,Boeing,2.5,Aug,International,124,16,30,40,17,21,147,267,0.81,140,0.11,10,4
Jet,Boeing,2.66,Aug,International,124,16,30,40,17,21,127,228,0.79,140,0.11,10,4
Jet,Boeing,2.58,Aug,International,162,8,30,40,17,21,172,304,0.77,170,0.05,10,4
Jet,Boeing,2.58,Sep,International,162,8,30,40,17,21,172,304,0.77,170,0.05,10,4
Jet,Boeing,2.58,Oct,International,162,8,30,40,17,21,172,304,0.77,170,0.05,10,4
Jet,Boeing,4.33,Jul,International,124,16,30,40,17,21,154,267,0.74,140,0.11,10,4
Jet,Boeing,4.33,Aug,International,124,16,30,40,17,21,154,267,0.74,140,0.11,10,4
Jet,Boeing,4.33,Sep,International,124,16,30,40,17,21,154,267,0.74,140,0.11,10,4
Jet,Boeing,4.33,Oct,International,124,16,30,40,17,21,154,267,0.74,140,0.11,10,4
Jet,Boeing,3.16,Sep,International,162,8,30,40,17,21,293,483,0.65,170,0.05,10,4
Jet,Boeing,4.25,Jul,International,17,21,30,40,17,21,215,354,0.65,38,0.55,10,4
Jet,Boeing,2.58,Jul,International,162,8,30,40,17,21,281,451,0.6,170,0.05,10,4
Jet,Boeing,2.58,Oct,International,162,8,30,40,17,21,295,464,0.58,170,0.05,10,4
Jet,Boeing,3.25,Sep,International,124,16,30,40,17,21,322,483,0.5,140,0.11,10,4
Jet,Boeing,3.08,Jul,International,138,28,30,40,17,21,354,524,0.48,166,0.17,10,4
Jet,Boeing,3.08,Aug,International,138,28,30,40,17,21,354,524,0.48,166,0.17,10,4
Jet,Boeing,3.08,Sep,International,138,28,30,40,17,21,354,524,0.48,166,0.17,10,4
Jet,Boeing,3.08,Oct,International,138,28,30,40,17,21,354,524,0.48,166,0.17,10,4
Jet,Boeing,2.58,Aug,International,162,8,30,40,17,21,380,550,0.45,170,0.05,10,4
Jet,Boeing,2.58,Sep,International,162,8,30,40,17,21,380,550,0.45,170,0.05,10,4
Jet,AirBus,8.91,Sep,International,147,21,32,38,18,19,557,789,0.42,168,0.13,6,1
Jet,AirBus,8.91,Oct,International,147,21,32,38,18,19,557,789,0.42,168,0.13,6,1
Jet,AirBus,9.5,Sep,International,147,21,32,38,18,19,661,928,0.4,168,0.13,6,1
Jet,AirBus,8.91,Aug,International,147,21,32,38,18,19,676,931,0.38,168,0.13,6,1
Jet,Boeing,3.25,Jul,International,162,8,30,40,17,21,505,696,0.38,170,0.05,10,4
Jet,Boeing,3.08,Aug,International,138,28,30,40,17,21,464,616,0.33,166,0.17,10,4
Jet,Boeing,3.08,Sep,International,138,28,30,40,17,21,464,616,0.33,166,0.17,10,4
Jet,Boeing,3.08,Oct,International,138,28,30,40,17,21,464,616,0.33,166,0.17,10,4
Jet,Boeing,3.08,Jul,International,138,28,30,40,17,21,489,616,0.26,166,0.17,10,4
Jet,Boeing,3.25,Jul,International,124,16,30,40,17,21,594,696,0.17,140,0.11,10,4
Jet,Boeing,2.58,Jul,International,162,8,30,40,17,21,510,569,0.12,170,0.05,10,4
Singapore,Boeing,13.91,Aug,International,184,28,32,38,19,20,794,1671,1.11,212,0.13,6,1
Singapore,AirBus,13.33,Jul,International,333,36,32,38,19,20,505,1004,0.99,369,0.1,6,1
Singapore,AirBus,13.33,Aug,International,333,36,32,38,19,20,505,1004,0.99,369,0.1,6,1
Singapore,AirBus,13.33,Sep,International,333,36,32,38,19,20,505,1004,0.99,369,0.1,6,1
Singapore,AirBus,13.33,Oct,International,333,36,32,38,19,20,505,1004,0.99,369,0.1,6,1
Singapore,AirBus,6.16,Jul,International,333,36,32,38,19,20,505,1004,0.99,369,0.1,6,1
Singapore,AirBus,6.16,Aug,International,333,36,32,38,19,20,505,1004,0.99,369,0.1,6,1
Singapore,AirBus,6.16,Sep,International,333,36,32,38,19,20,505,1004,0.99,369,0.1,6,1
Singapore,AirBus,6.16,Oct,International,333,36,32,38,19,20,505,1004,0.99,369,0.1,6,1
Singapore,Boeing,13.91,Sep,International,184,28,32,38,19,20,794,1452,0.83,212,0.13,6,1
Singapore,Boeing,13.91,Oct,International,184,28,32,38,19,20,794,1452,0.83,212,0.13,6,1
Singapore,Boeing,13.91,Jul,International,184,28,32,38,19,20,794,1408,0.77,212,0.13,6,1
Singapore,AirBus,12.66,Jul,International,333,36,32,38,19,20,690,1110,0.61,369,0.1,6,1
Singapore,AirBus,12.66,Aug,International,333,36,32,38,19,20,690,1110,0.61,369,0.1,6,1
Singapore,AirBus,12.66,Sep,International,333,36,32,38,19,20,690,1110,0.61,369,0.1,6,1
Singapore,AirBus,12.66,Oct,International,333,36,32,38,19,20,690,1110,0.61,369,0.1,6,1
Singapore,AirBus,6.5,Jul,International,333,36,32,38,19,20,690,1110,0.61,369,0.1,6,1
Singapore,AirBus,6.5,Aug,International,333,36,32,38,19,20,690,1110,0.61,369,0.1,6,1
Singapore,AirBus,6.5,Sep,International,333,36,32,38,19,20,690,1110,0.61,369,0.1,6,1
Singapore,AirBus,6.5,Oct,International,333,36,32,38,19,20,690,1110,0.61,369,0.1,6,1
Singapore,Boeing,12.41,Aug,International,184,28,32,38,19,20,1215,1947,0.6,212,0.13,6,1
Singapore,Boeing,12.41,Sep,International,184,28,32,38,19,20,1215,1947,0.6,212,0.13,6,1
Singapore,Boeing,12.41,Oct,International,184,28,32,38,19,20,1215,1947,0.6,212,0.13,6,1
Singapore,Boeing,10.83,Jul,International,184,28,32,38,19,20,876,1356,0.55,212,0.13,6,1
Singapore,Boeing,10.83,Aug,International,184,28,32,38,19,20,609,900,0.48,212,0.13,6,1
Singapore,Boeing,10.83,Sep,International,184,28,32,38,19,20,609,900,0.48,212,0.13,6,1
Singapore,Boeing,14.66,Aug,International,184,28,32,38,19,20,1406,1584,0.13,212,0.13,6,1
Singapore,Boeing,14.66,Sep,International,184,28,32,38,19,20,1406,1584,0.13,212,0.13,6,1
Singapore,Boeing,14.66,Oct,International,184,28,32,38,19,20,1406,1584,0.13,212,0.13,6,1
Singapore,Boeing,9.66,Aug,International,184,28,32,38,19,20,1247,1407,0.13,212,0.13,6,1
Singapore,Boeing,9.66,Sep,International,184,28,32,38,19,20,1247,1407,0.13,212,0.13,6,1
Singapore,Boeing,9.66,Oct,International,184,28,32,38,19,20,1247,1407,0.13,212,0.13,6,1
Singapore,Boeing,3.83,Jul,International,184,28,32,38,19,20,563,619,0.1,212,0.13,6,1
Singapore,Boeing,3.83,Aug,International,184,28,32,38,19,20,563,619,0.1,212,0.13,6,1
Singapore,Boeing,3.83,Sep,International,184,28,32,38,19,20,563,619,0.1,212,0.13,6,1
Singapore,Boeing,3.83,Oct,International,184,28,32,38,19,20,563,619,0.1,212,0.13,6,1
Singapore,Boeing,12.75,Aug,International,184,28,32,38,19,20,1431,1564,0.09,212,0.13,6,1
Singapore,Boeing,12.75,Sep,International,184,28,32,38,19,20,1431,1564,0.09,212,0.13,6,1
Singapore,Boeing,12.75,Oct,International,184,28,32,38,19,20,1431,1564,0.09,212,0.13,6,1
Singapore,Boeing,12.75,Jul,International,184,28,32,38,19,20,1431,1564,0.09,212,0.13,6,1
Virgin,Boeing,11.25,Jul,International,198,35,31,38,18,21,574,1619,1.82,233,0.15,7,3
Virgin,Boeing,11.25,Aug,International,198,35,31,38,18,21,574,1619,1.82,233,0.15,7,3
Virgin,Boeing,11.25,Sep,International,198,35,31,38,18,21,574,1619,1.82,233,0.15,7,3
Virgin,Boeing,11.25,Oct,International,198,35,31,38,18,21,574,1619,1.82,233,0.15,7,3
Virgin,Boeing,12.08,Aug,International,198,35,31,38,18,21,1086,2964,1.73,233,0.15,7,3
Virgin,Boeing,12.08,Sep,International,198,35,31,38,18,21,1086,2964,1.73,233,0.15,7,3
Virgin,Boeing,12.08,Oct,International,198,35,31,38,18,21,1086,2964,1.73,233,0.15,7,3
Virgin,Boeing,12.08,Jul,International,198,35,31,38,18,21,1247,2964,1.38,233,0.15,7,3
Virgin,AirBus,6.91,Jul,International,233,38,31,38,18,21,1434,2982,1.08,271,0.14,7,3
Virgin,AirBus,6.91,Aug,International,233,38,31,38,18,21,1434,2982,1.08,271,0.14,7,3
Virgin,AirBus,6.91,Sep,International,233,38,31,38,18,21,1434,2982,1.08,271,0.14,7,3
Virgin,AirBus,6.91,Oct,International,233,38,31,38,18,21,1434,2982,1.08,271,0.14,7,3
Virgin,AirBus,6.58,Jul,International,233,38,31,38,18,21,1476,2997,1.03,271,0.14,7,3
Virgin,AirBus,6.58,Aug,International,233,38,31,38,18,21,1476,2997,1.03,271,0.14,7,3
Virgin,AirBus,6.58,Sep,International,233,38,31,38,18,21,1476,2997,1.03,271,0.14,7,3
Virgin,AirBus,6.58,Oct,International,233,38,31,38,18,21,1476,2997,1.03,271,0.14,7,3
Virgin,Boeing,9.91,Jul,International,375,66,31,38,18,21,1781,3509,0.97,441,0.15,7,3
Virgin,Boeing,9.91,Aug,International,375,66,31,38,18,21,1781,3509,0.97,441,0.15,7,3
Virgin,Boeing,9.91,Sep,International,375,66,31,38,18,21,1781,3509,0.97,441,0.15,7,3
Virgin,Boeing,9.91,Oct,International,375,66,31,38,18,21,1781,3509,0.97,441,0.15,7,3
Virgin,Boeing,10.83,Jul,International,198,35,31,38,18,21,1580,3019,0.91,233,0.15,7,3
Virgin,Boeing,10.83,Aug,International,198,35,31,38,18,21,1580,3019,0.91,233,0.15,7,3
Virgin,Boeing,10.83,Sep,International,198,35,31,38,18,21,1580,3019,0.91,233,0.15,7,3
Virgin,Boeing,10.83,Oct,International,198,35,31,38,18,21,1580,3019,0.91,233,0.15,7,3
Virgin,AirBus,10.41,Jul,International,233,38,31,38,18,21,1903,3509,0.84,271,0.14,7,3
Virgin,AirBus,10.41,Aug,International,233,38,31,38,18,21,1903,3509,0.84,271,0.14,7,3
Virgin,AirBus,10.41,Sep,International,233,38,31,38,18,21,1903,3509,0.84,271,0.14,7,3
Virgin,Boeing,10.41,Oct,International,198,35,31,38,18,21,1903,3509,0.84,233,0.15,7,3
Virgin,AirBus,8,Jul,International,185,48,31,38,18,21,1813,3128,0.73,233,0.21,7,3
Virgin,AirBus,8,Aug,International,185,48,31,38,18,21,1813,3128,0.73,233,0.21,7,3
Virgin,AirBus,8,Sep,International,185,48,31,38,18,21,1813,3128,0.73,233,0.21,7,3
Virgin,AirBus,8,Oct,International,185,48,31,38,18,21,1813,3128,0.73,233,0.21,7,3
Virgin,Boeing,12.58,Aug,International,198,35,31,38,18,21,1096,1710,0.56,233,0.15,7,3
Virgin,Boeing,10.75,Jul,International,375,66,31,38,18,21,2445,3694,0.51,441,0.15,7,3
Virgin,Boeing,10.75,Aug,International,375,66,31,38,18,21,2445,3694,0.51,441,0.15,7,3
Virgin,Boeing,10.75,Sep,International,375,66,31,38,18,21,2445,3694,0.51,441,0.15,7,3
Virgin,Boeing,10.75,Oct,International,375,66,31,38,18,21,2445,3694,0.51,441,0.15,7,3
Virgin,Boeing,12.58,Oct,International,198,35,31,38,18,21,975,1465,0.5,233,0.15,7,3
Virgin,AirBus,11.33,Aug,International,233,38,31,38,18,21,2369,3540,0.49,271,0.14,7,3
Virgin,AirBus,11.33,Sep,International,233,38,31,38,18,21,2369,3540,0.49,271,0.14,7,3
Virgin,Boeing,11.33,Oct,International,198,35,31,38,18,21,2369,3540,0.49,233,0.15,7,3
Virgin,AirBus,7.41,Jul,International,233,38,31,38,18,21,1767,2499,0.41,271,0.14,7,3
Virgin,AirBus,7.41,Aug,International,233,38,31,38,18,21,1767,2499,0.41,271,0.14,7,3
Virgin,AirBus,7.41,Sep,International,233,38,31,38,18,21,1767,2499,0.41,271,0.14,7,3
Virgin,AirBus,7.41,Oct,International,233,38,31,38,18,21,1767,2499,0.41,271,0.14,7,3
Virgin,Boeing,7.66,Jul,International,198,35,31,38,18,21,1811,2531,0.4,233,0.15,7,3
Virgin,Boeing,7.66,Aug,International,198,35,31,38,18,21,1811,2531,0.4,233,0.15,7,3
Virgin,Boeing,7.66,Sep,International,198,35,31,38,18,21,1811,2531,0.4,233,0.15,7,3
Virgin,Boeing,7.66,Oct,International,198,35,31,38,18,21,1811,2531,0.4,233,0.15,7,3
Virgin,AirBus,8.83,Jul,International,185,48,31,38,18,21,2052,2856,0.39,233,0.21,7,3
Virgin,AirBus,8.83,Aug,International,185,48,31,38,18,21,2052,2856,0.39,233,0.21,7,3
Virgin,AirBus,8.83,Sep,International,185,48,31,38,18,21,2052,2856,0.39,233,0.21,7,3
Virgin,AirBus,8.83,Oct,International,185,48,31,38,18,21,2052,2856,0.39,233,0.21,7,3
Virgin,AirBus,7.08,Jul,International,233,38,31,38,18,21,1919,2409,0.26,271,0.14,7,3
Virgin,AirBus,7.08,Aug,International,185,48,31,38,18,21,1919,2409,0.26,233,0.21,7,3
Virgin,AirBus,7.08,Sep,International,185,48,31,38,18,21,1919,2409,0.26,233,0.21,7,3
Virgin,AirBus,7.08,Oct,International,185,48,31,38,18,21,1919,2409,0.26,233,0.21,7,3
Virgin,Boeing,12.58,Sep,International,198,35,31,38,18,21,1356,1710,0.26,233,0.15,7,3
Virgin,AirBus,7.75,Jul,International,233,38,31,38,18,21,540,594,0.1,271,0.14,7,3
Virgin,AirBus,7.75,Aug,International,185,48,31,38,18,21,540,594,0.1,233,0.21,7,3
Virgin,AirBus,7.75,Sep,International,233,38,31,38,18,21,540,594,0.1,271,0.14,7,3
Virgin,AirBus,7.75,Oct,International,233,38,31,38,18,21,540,594,0.1,271,0.14,7,3
